product,review_text
ClickUp,Billing is confusing and unclear.
Trello,Billing is confusing and unclear.
ClickUp,The mobile app crashes often.
ClickUp,The UI looks good but loads slowly.
ClickUp,Integrations are missing.
Trello,Pricing is too high for the value.
Asana,The mobile app crashes often.
Asana,The mobile app crashes often.
ClickUp,Customer support never responds.
ClickUp,Customer support never responds.
ClickUp,Billing is confusing and unclear.
ClickUp,Billing is confusing and unclear.
Asana,Integrations are missing.
ClickUp,Support team was helpful and quick.
Trello,Support team was helpful and quick.
Trello,The mobile app crashes often.
Trello,Integrations are missing.
Asana,The mobile app crashes often.
Asana,Customer support never responds.
ClickUp,Billing is confusing and unclear.
ClickUp,The UI looks good but loads slowly.
Asana,The UI looks good but loads slowly.
Trello,Integrations are missing.
Asana,The mobile app crashes often.
Trello,Integrations are missing.
ClickUp,Integrations are missing.
Trello,Pricing is too high for the value.
ClickUp,The mobile app crashes often.
Trello,Billing is confusing and unclear.
Trello,The UI looks good but loads slowly.
ClickUp,Customer support never responds.
ClickUp,Pricing is too high for the value.
Trello,Pricing is too high for the value.
Asana,The mobile app crashes often.
ClickUp,Pricing is too high for the value.
Asana,Integrations are missing.
Asana,Integrations are missing.
Trello,The mobile app crashes often.
ClickUp,The mobile app crashes often.
Trello,Support team was helpful and quick.
Asana,The UI looks good but loads slowly.
Trello,Billing is confusing and unclear.
ClickUp,Integrations are missing.
ClickUp,Pricing is too high for the value.
Asana,The UI looks good but loads slowly.
Asana,Support team was helpful and quick.
Asana,Pricing is too high for the value.
ClickUp,Support team was helpful and quick.
Trello,Integrations are missing.
Trello,The UI looks good but loads slowly.
Asana,Pricing is too high for the value.
ClickUp,Support team was helpful and quick.
ClickUp,Integrations are missing.
Asana,The UI looks good but loads slowly.
Trello,The UI looks good but loads slowly.
Trello,Customer support never responds.
ClickUp,The mobile app crashes often.
Trello,Integrations are missing.
Asana,Customer support never responds.
Trello,The UI looks good but loads slowly.
Asana,Pricing is too high for the value.
Trello,Pricing is too high for the value.
Trello,Billing is confusing and unclear.
ClickUp,Billing is confusing and unclear.
Asana,Customer support never responds.
Trello,The UI looks good but loads slowly.
Trello,The UI looks good but loads slowly.
Trello,Pricing is too high for the value.
Asana,The UI looks good but loads slowly.
ClickUp,The mobile app crashes often.
Asana,Integrations are missing.
Asana,The UI looks good but loads slowly.
ClickUp,Customer support never responds.
Trello,Pricing is too high for the value.
Asana,Customer support never responds.
ClickUp,Integrations are missing.
Trello,Billing is confusing and unclear.
ClickUp,Support team was helpful and quick.
Trello,Pricing is too high for the value.
Asana,Customer support never responds.
Trello,Customer support never responds.
Asana,Integrations are missing.
Trello,The UI looks good but loads slowly.
Asana,The UI looks good but loads slowly.
ClickUp,The UI looks good but loads slowly.
ClickUp,The UI looks good but loads slowly.
Asana,Pricing is too high for the value.
ClickUp,Support team was helpful and quick.
ClickUp,Integrations are missing.
Asana,Support team was helpful and quick.
Asana,Billing is confusing and unclear.
ClickUp,The mobile app crashes often.
ClickUp,Customer support never responds.
ClickUp,Pricing is too high for the value.
Trello,Customer support never responds.
Asana,Pricing is too high for the value.
Trello,Integrations are missing.
Trello,Pricing is too high for the value.
Trello,Support team was helpful and quick.
Trello,Billing is confusing and unclear.
Trello,The UI looks good but loads slowly.
Asana,Pricing is too high for the value.
ClickUp,Customer support never responds.
ClickUp,The mobile app crashes often.
Asana,Support team was helpful and quick.
Trello,Integrations are missing.
Trello,Support team was helpful and quick.
Asana,The mobile app crashes often.
Asana,The mobile app crashes often.
ClickUp,Support team was helpful and quick.
ClickUp,The mobile app crashes often.
ClickUp,Pricing is too high for the value.
Trello,Billing is confusing and unclear.
Trello,Integrations are missing.
Trello,The mobile app crashes often.
Asana,Support team was helpful and quick.
Asana,Billing is confusing and unclear.
Trello,Customer support never responds.
ClickUp,Integrations are missing.
Trello,Integrations are missing.
Trello,Support team was helpful and quick.
ClickUp,Integrations are missing.
ClickUp,The mobile app crashes often.
Asana,Customer support never responds.
ClickUp,Billing is confusing and unclear.
ClickUp,Billing is confusing and unclear.
Trello,The UI looks good but loads slowly.
Asana,Pricing is too high for the value.
Trello,Support team was helpful and quick.
Trello,The UI looks good but loads slowly.
Trello,The UI looks good but loads slowly.
Asana,Pricing is too high for the value.
Asana,The UI looks good but loads slowly.
Asana,Support team was helpful and quick.
Trello,Billing is confusing and unclear.
ClickUp,Billing is confusing and unclear.
ClickUp,The UI looks good but loads slowly.
Asana,Support team was helpful and quick.
ClickUp,Billing is confusing and unclear.
Asana,Billing is confusing and unclear.
ClickUp,Integrations are missing.
ClickUp,Pricing is too high for the value.
ClickUp,Customer support never responds.
Trello,Customer support never responds.
Trello,The mobile app crashes often.
Trello,Integrations are missing.
Trello,Pricing is too high for the value.
Trello,The mobile app crashes often.
ClickUp,Billing is confusing and unclear.
Trello,Integrations are missing.
ClickUp,Billing is confusing and unclear.
Trello,Support team was helpful and quick.
Asana,The mobile app crashes often.
Trello,Integrations are missing.
ClickUp,Integrations are missing.
Trello,Support team was helpful and quick.
Asana,Support team was helpful and quick.
Trello,Pricing is too high for the value.
ClickUp,Pricing is too high for the value.
ClickUp,Integrations are missing.
ClickUp,Customer support never responds.
Asana,Customer support never responds.
Trello,The mobile app crashes often.
Trello,Support team was helpful and quick.
ClickUp,Customer support never responds.
Asana,Support team was helpful and quick.
Asana,Integrations are missing.
Asana,Billing is confusing and unclear.
Asana,The mobile app crashes often.
Asana,Billing is confusing and unclear.
ClickUp,The UI looks good but loads slowly.
Trello,Customer support never responds.
ClickUp,Integrations are missing.
Trello,Pricing is too high for the value.
Trello,The UI looks good but loads slowly.
Trello,Customer support never responds.
Trello,The UI looks good but loads slowly.
Asana,Customer support never responds.
Trello,The mobile app crashes often.
Asana,Support team was helpful and quick.
Asana,Billing is confusing and unclear.
Trello,Billing is confusing and unclear.
Asana,Customer support never responds.
Asana,Customer support never responds.
Asana,Integrations are missing.
Trello,The mobile app crashes often.
ClickUp,Pricing is too high for the value.
Asana,Support team was helpful and quick.
Asana,Billing is confusing and unclear.
Trello,Customer support never responds.
Asana,Billing is confusing and unclear.
Asana,Customer support never responds.
ClickUp,The mobile app crashes often.
ClickUp,Support team was helpful and quick.
Asana,Integrations are missing.
Trello,The UI looks good but loads slowly.
Asana,Customer support never responds.
ClickUp,Integrations are missing.
ClickUp,Integrations are missing.
ClickUp,Customer support never responds.
Trello,Integrations are missing.
Asana,Billing is confusing and unclear.
Asana,The mobile app crashes often.
Asana,The mobile app crashes often.
ClickUp,Pricing is too high for the value.
Asana,The mobile app crashes often.
Asana,Support team was helpful and quick.
ClickUp,The UI looks good but loads slowly.
Asana,Billing is confusing and unclear.
ClickUp,Customer support never responds.
Asana,Billing is confusing and unclear.
ClickUp,The UI looks good but loads slowly.
Asana,Customer support never responds.
Trello,Customer support never responds.
Asana,Billing is confusing and unclear.
Trello,Billing is confusing and unclear.
ClickUp,Integrations are missing.
ClickUp,The mobile app crashes often.
Asana,Support team was helpful and quick.
ClickUp,Integrations are missing.
Trello,Pricing is too high for the value.
ClickUp,Integrations are missing.
ClickUp,The mobile app crashes often.
ClickUp,Customer support never responds.
Asana,Integrations are missing.
Asana,Pricing is too high for the value.
Trello,The UI looks good but loads slowly.
Asana,Billing is confusing and unclear.
Trello,Billing is confusing and unclear.
Asana,Billing is confusing and unclear.
Trello,Integrations are missing.
Asana,Support team was helpful and quick.
Asana,Support team was helpful and quick.
Asana,The mobile app crashes often.
Trello,Integrations are missing.
Trello,Customer support never responds.
ClickUp,Customer support never responds.
ClickUp,Billing is confusing and unclear.
Trello,Pricing is too high for the value.
Trello,Pricing is too high for the value.
Asana,Support team was helpful and quick.
Asana,The mobile app crashes often.
Trello,Support team was helpful and quick.
Trello,Pricing is too high for the value.
ClickUp,Pricing is too high for the value.
Trello,Pricing is too high for the value.
Trello,Support team was helpful and quick.
ClickUp,Support team was helpful and quick.
Trello,Support team was helpful and quick.
Asana,Pricing is too high for the value.
Asana,The mobile app crashes often.
Asana,Support team was helpful and quick.
Trello,Customer support never responds.
ClickUp,Support team was helpful and quick.
Trello,Support team was helpful and quick.
ClickUp,Support team was helpful and quick.
Trello,The UI looks good but loads slowly.
Trello,The UI looks good but loads slowly.
ClickUp,Integrations are missing.
ClickUp,Customer support never responds.
Trello,The mobile app crashes often.
Asana,The UI looks good but loads slowly.
Asana,Integrations are missing.
Asana,Support team was helpful and quick.
Trello,Billing is confusing and unclear.
ClickUp,Pricing is too high for the value.
Trello,Integrations are missing.
Trello,Customer support never responds.
ClickUp,The mobile app crashes often.
ClickUp,Billing is confusing and unclear.
ClickUp,Support team was helpful and quick.
Trello,The UI looks good but loads slowly.
ClickUp,Pricing is too high for the value.
Asana,Billing is confusing and unclear.
ClickUp,Integrations are missing.
Asana,Customer support never responds.
Asana,Pricing is too high for the value.
Asana,Support team was helpful and quick.
Trello,Pricing is too high for the value.
ClickUp,Pricing is too high for the value.
Asana,Support team was helpful and quick.
Asana,The UI looks good but loads slowly.
ClickUp,The mobile app crashes often.
ClickUp,Customer support never responds.
ClickUp,Billing is confusing and unclear.
ClickUp,The UI looks good but loads slowly.
Trello,Pricing is too high for the value.
Asana,Support team was helpful and quick.
Asana,The mobile app crashes often.
ClickUp,Integrations are missing.
ClickUp,The UI looks good but loads slowly.
Asana,Pricing is too high for the value.
ClickUp,Support team was helpful and quick.
ClickUp,Integrations are missing.
Trello,Pricing is too high for the value.
Trello,Customer support never responds.
Trello,Integrations are missing.
Trello,Support team was helpful and quick.
Trello,Support team was helpful and quick.
ClickUp,Support team was helpful and quick.
Trello,Integrations are missing.
Asana,Integrations are missing.
Trello,Billing is confusing and unclear.
Asana,The UI looks good but loads slowly.
Trello,Support team was helpful and quick.
Trello,Billing is confusing and unclear.
ClickUp,Pricing is too high for the value.
Trello,The mobile app crashes often.
Asana,The UI looks good but loads slowly.
Trello,Customer support never responds.
ClickUp,Billing is confusing and unclear.
ClickUp,Customer support never responds.
ClickUp,Customer support never responds.
ClickUp,Integrations are missing.
Trello,Support team was helpful and quick.
Asana,The mobile app crashes often.
ClickUp,Pricing is too high for the value.
Trello,Integrations are missing.
Asana,Support team was helpful and quick.
Trello,Pricing is too high for the value.
Asana,Integrations are missing.
ClickUp,Customer support never responds.
Trello,Integrations are missing.
Trello,Pricing is too high for the value.
ClickUp,Support team was helpful and quick.
Asana,Support team was helpful and quick.
Asana,Pricing is too high for the value.
Asana,Integrations are missing.
Asana,Billing is confusing and unclear.
Asana,The UI looks good but loads slowly.
ClickUp,Pricing is too high for the value.
Asana,Pricing is too high for the value.
Asana,Support team was helpful and quick.
ClickUp,Pricing is too high for the value.
Trello,Billing is confusing and unclear.
Asana,Integrations are missing.
Trello,Billing is confusing and unclear.
Trello,The UI looks good but loads slowly.
ClickUp,Pricing is too high for the value.
ClickUp,Support team was helpful and quick.
ClickUp,Pricing is too high for the value.
Trello,The mobile app crashes often.
Asana,Customer support never responds.
Asana,Customer support never responds.
ClickUp,Customer support never responds.
Trello,Pricing is too high for the value.
Asana,Customer support never responds.
ClickUp,Pricing is too high for the value.
Asana,The mobile app crashes often.
ClickUp,Customer support never responds.
ClickUp,Billing is confusing and unclear.
ClickUp,Pricing is too high for the value.
Trello,Pricing is too high for the value.
Asana,The mobile app crashes often.
Trello,Support team was helpful and quick.
Asana,The UI looks good but loads slowly.
Trello,The mobile app crashes often.
Asana,The UI looks good but loads slowly.
ClickUp,Pricing is too high for the value.
Trello,Customer support never responds.
ClickUp,Billing is confusing and unclear.
Asana,The UI looks good but loads slowly.
Asana,Billing is confusing and unclear.
Trello,Customer support never responds.
ClickUp,The mobile app crashes often.
Trello,Billing is confusing and unclear.
ClickUp,The mobile app crashes often.
ClickUp,Customer support never responds.
ClickUp,The UI looks good but loads slowly.
Trello,Support team was helpful and quick.
ClickUp,The UI looks good but loads slowly.
ClickUp,Support team was helpful and quick.
Trello,Pricing is too high for the value.
Trello,Customer support never responds.
Asana,Customer support never responds.
ClickUp,Customer support never responds.
Trello,Integrations are missing.
Asana,Pricing is too high for the value.
Asana,Support team was helpful and quick.
Asana,Customer support never responds.
Trello,Support team was helpful and quick.
Trello,The UI looks good but loads slowly.
Asana,Pricing is too high for the value.
ClickUp,The UI looks good but loads slowly.
Trello,Billing is confusing and unclear.
Asana,The mobile app crashes often.
Trello,The mobile app crashes often.
Trello,Customer support never responds.
ClickUp,Support team was helpful and quick.
Trello,Support team was helpful and quick.
ClickUp,The mobile app crashes often.
ClickUp,The UI looks good but loads slowly.
Asana,The mobile app crashes often.
ClickUp,The mobile app crashes often.
ClickUp,Support team was helpful and quick.
Trello,Integrations are missing.
ClickUp,Support team was helpful and quick.
Asana,Integrations are missing.
Trello,Pricing is too high for the value.
ClickUp,The mobile app crashes often.
Asana,Integrations are missing.
Trello,The UI looks good but loads slowly.
Asana,Support team was helpful and quick.
Asana,Pricing is too high for the value.
Asana,Pricing is too high for the value.
Asana,The UI looks good but loads slowly.
ClickUp,Integrations are missing.
Trello,Customer support never responds.
Trello,Integrations are missing.
Trello,The mobile app crashes often.
Trello,Pricing is too high for the value.
ClickUp,Support team was helpful and quick.
ClickUp,Integrations are missing.
ClickUp,Pricing is too high for the value.
Asana,The UI looks good but loads slowly.
ClickUp,Customer support never responds.
Trello,Pricing is too high for the value.
Trello,Support team was helpful and quick.
Trello,Support team was helpful and quick.
ClickUp,The mobile app crashes often.
Asana,Billing is confusing and unclear.
Trello,The mobile app crashes often.
ClickUp,Billing is confusing and unclear.
ClickUp,Billing is confusing and unclear.
Asana,Billing is confusing and unclear.
ClickUp,Pricing is too high for the value.
ClickUp,Pricing is too high for the value.
Trello,Billing is confusing and unclear.
Asana,The mobile app crashes often.
Trello,Customer support never responds.
Asana,Integrations are missing.
Trello,Billing is confusing and unclear.
ClickUp,The mobile app crashes often.
ClickUp,Support team was helpful and quick.
ClickUp,Pricing is too high for the value.
Trello,Support team was helpful and quick.
Asana,Support team was helpful and quick.
Trello,Integrations are missing.
Asana,Integrations are missing.
Asana,Support team was helpful and quick.
Asana,Support team was helpful and quick.
Asana,The mobile app crashes often.
Trello,Pricing is too high for the value.
ClickUp,Support team was helpful and quick.
Asana,The mobile app crashes often.
Trello,Customer support never responds.
ClickUp,Customer support never responds.
ClickUp,The UI looks good but loads slowly.
Asana,The UI looks good but loads slowly.
ClickUp,Support team was helpful and quick.
ClickUp,Integrations are missing.
ClickUp,Integrations are missing.
Trello,Billing is confusing and unclear.
Trello,Integrations are missing.
ClickUp,The UI looks good but loads slowly.
Trello,Billing is confusing and unclear.
ClickUp,The UI looks good but loads slowly.
Asana,Billing is confusing and unclear.
Trello,Integrations are missing.
Trello,The mobile app crashes often.
Asana,Pricing is too high for the value.
ClickUp,Support team was helpful and quick.
ClickUp,The UI looks good but loads slowly.
ClickUp,Billing is confusing and unclear.
Trello,Integrations are missing.
Trello,The UI looks good but loads slowly.
Asana,Integrations are missing.
ClickUp,Pricing is too high for the value.
Trello,Support team was helpful and quick.
Trello,The UI looks good but loads slowly.
Asana,Integrations are missing.
ClickUp,The mobile app crashes often.
Asana,The mobile app crashes often.
Asana,Pricing is too high for the value.
ClickUp,The mobile app crashes often.
Asana,Billing is confusing and unclear.
Trello,The mobile app crashes often.
ClickUp,Pricing is too high for the value.
Asana,The UI looks good but loads slowly.
Asana,Billing is confusing and unclear.
Asana,The mobile app crashes often.
ClickUp,Pricing is too high for the value.
Trello,Billing is confusing and unclear.
Trello,Billing is confusing and unclear.
ClickUp,The mobile app crashes often.
Asana,Billing is confusing and unclear.
ClickUp,The mobile app crashes often.
Trello,Billing is confusing and unclear.
Asana,The UI looks good but loads slowly.
ClickUp,Customer support never responds.
ClickUp,Pricing is too high for the value.
Trello,Customer support never responds.
ClickUp,Integrations are missing.
Trello,Billing is confusing and unclear.
ClickUp,The mobile app crashes often.
Asana,The UI looks good but loads slowly.
Trello,Support team was helpful and quick.
ClickUp,Support team was helpful and quick.
ClickUp,Pricing is too high for the value.
ClickUp,Integrations are missing.
